,ath,atl,market_rank,max_supply,name,roi,total_supply
0,2.53,0.103962,57,No Data,0x,183.81%,1000000000 ZRX
1,0.054702,0.00267,407,No Data,12ships,-94.12%,4983486748 TSHP
2,14.81,0.160952,265,No Data,1irstcoin,323.31%,100000000 FST
3,57.85,27.54,44,16000000 AAVE,aave,5248.86%,16000000 AAVE
4,2.05,0.029351,56,1500000000 ABBC,abbc-coin,-7.21%,1428727371 ABBC
5,0.116509,0.000102,260,No Data,advanced-internet-blocks,-12.33%,31413254180 AIB
6,3.71,0.03488,199,150000000 ADX,adx-net,5.98%,114223491 ADX
7,2.77,0.035013,143,1000000000 ELF,aelf,-93.09%,880000000 ELF
8,0.532361,0.016102,456,500000000 AERGO,aergo,-77.04%,500000000 AERGO
9,5.86,0.0545,178,No Data,aeternity,-86.78%,370021644 AE
10,0.082571,0.000454,296,No Data,agavecoin,697.30%,35000000000 AGVC
11,3.98,0.053976,362,42000000 AGRS,agoras-tokens,260.39%,42000000 AGRS
12,10,0.040638,184,No Data,aion,-90.50%,477861253 AION
13,2.08,0.007028,383,No Data,airswap,-71.46%,500000000 AST
14,0.050008,0.000534,353,No Data,akropolis,71.99%,4000000000 AKRO
15,3.28,0.102403,52,No Data,algorand,-93.01%,10000000000 ALGO
16,0.003932,0.000156,488,No Data,amo-coin,-66.54%,19679012762 AMO
17,0.012408,0.003414,377,1200105201 AMP,amp,-61.94%,85231428501 AMP
18,4.04,0.294547,74,No Data,ampleforth,16.87%,208675254 AMPL
19,1.02,0.513862,473,No Data,anchor,-0.09%,759493671 ANCT
20,0.018332,0.000711,148,No Data,ankr,-48.68%,10000000000 ANKR
21,0.727018,0.023906,512,204047845 APIX,apix,51.18%,204047845 APIX
22,1.07,0.037293,338,No Data,apm-coin,-82.54%,1812500000 APM
23,0.009139,0.000375,386,No Data,apollo-currency,-43.94%,21165096531 APL
24,11.45,0.28545,78,No Data,aragon,90.75%,39609524 ANT
25,2.55,0.008368,131,998999495 ARDR,ardor,27.78%,998999495 ARDR
26,9.99,0.030143,161,No Data,ark,1724.90%,153134244 ARK
27,0.062323,0.003471,422,No Data,arpa-chain,-48.78%,1490000000 ARPA
28,7.81,0.48545,117,66000000 AR,arweave,1784.34%,63190435 AR
29,0.100944,0.000569,553,No Data,aryacoin,334.66%,200459554 AYA
30,0.727204,0.006415,603,No Data,atari-token,13.74%,7771000000 ATRI
31,0.601985,0.026677,242,3000000000 ATT,attila,50.98%,3000000000 ATT
32,0.530863,0.077742,484,No Data,audius,-83.18%,1000000000 AUDIO
33,99.8,0.782968,72,No Data,augur,755.40%,11000000 REP
34,0.061199,0.000706,461,No Data,aurora,-97.16%,10000000000 AOA
35,11.46,3.24,95,720000000 AVAX,avalanche,"<span class=""cmc--change-positive"">557.23%</span>",360000000 AVAX
36,0.202141,0.100024,261,1000000000 AXEL,axel,40.73%,758342865 AXEL
37,5.67,0.115088,389,No Data,b2bx,-52.63%,19822337 B2B
38,18.66,0.283683,258,580000000 BRC,baer-chain,-69.99%,580000000 BRC
39,10,0.117415,152,No Data,bancor,-88.14%,69872180 BNT
40,17.69,0.204181,92,No Data,band-protocol,764.82%,100000000 BAND
41,0.011372,0.000421,266,No Data,bankera,-85.68%,25000000000 BNK
42,0.980702,0.066209,48,No Data,basic-attention-token,6.72%,1500000000 BAT
43,0.01409,0.00302,349,10000000000 BASIC,basic,8.49%,8326258167 BASIC
44,0.686583,0.543821,214,No Data,basid-coin,17.39%,10000000000 BASID
45,19.44,0.056823,392,No Data,bdcc-bitica-coin,-48.73%,18000000 BDCC
46,3.21,0.14834,370,262800000 BEAM,beam,-63.08%,73948960 BEAM
47,0.171587,0.0144,230,No Data,beldex,-9.37%,1400222610 BDX
48,10.03,0.686843,475,100000000 BEL,bella-protocol,-92.68%,100000000 BEL
49,0.039312,0.009718,415,No Data,beowulf,-40.53%,3000000000 BWF
50,0.218622,0.019319,298,No Data,bhex-token,87.90%,1357691032 BHT
51,2.23,0.445881,436,100000000 BHP,bhp-coin,-27.85%,52881278 BHP
52,11.92,0.000803,322,13508522147 ONE,bigone-token,-99.96%,12886573798 ONE
53,0.051114,0.025609,500,1000000000 BIKI,biki,-35.58%,510728079 BIKI
54,39.57,0.096109,7,176406561 BNB,binance-coin,> 9000%,176406561 BNB
55,1.11,0.886124,27,No Data,binance-usd,-0.58%,686200387 BUSD
56,0.303155,0.063697,413,No Data,bit-z-token,-63.08%,674513630 BZ
57,2476.04,0.641418,246,1000000 BTRS,bitball-treasure,2739.62%,1000000 BTRS
58,0.22295,0.055828,244,No Data,bitbook-gambling,-8.46%,730756054 BXK
59,85563.99,1602.69,114,No Data,bitcoin-bep2,35.46%,9001 BTCB
60,4355.62,75.03,5,21000000 BCH,bitcoin-cash,-56.30%,18562488 BCH
61,99.37,0.266371,97,210000000 BCD,bitcoin-diamond,-99.33%,189492898 BCD
62,539.72,4.31,75,21000000 BTG,bitcoin-gold,-98.55%,17513924 BTG
63,441.2,36.87,12,21000000 BSV,bitcoin-sv,72.36%,18560989 BSV
64,20089,65.53,1,21000000 BTC,bitcoin,> 9000%,18533137 BTC
65,42.81,1.98,437,21000000 BHD,bitcoinhd,-93.28%,6339465 BHD
66,189.5,1.42,206,21000000 BPS,bitcoinpos,> 9000%,3979062 BPS
67,0.009636,0.001176,412,No Data,bitkan,-78.03%,10000000000 KAN
68,0.341468,0.014093,286,No Data,bitmax-token,154.60%,780615274 BTMX
69,0.916782,0.002387,135,3600570502 BTS,bitshares,15.75%,2997490000 BTS
70,0.001861,0.000139,47,No Data,bittorrent,128.98%,990000000000 BTT
71,57.24,0.00973,479,No Data,blocknet,1525.10%,7255940 BLOCK
72,0.319328,0.045008,83,2048913388 STX,blockstack,-50.41%,890073513 STX
73,5.35,0.123319,309,100000000 BLCT,bloomzed-token,177.66%,100000000 BLCT
74,0.913922,0.006067,401,No Data,bluzelle,-86.90%,500000000 BLZ
75,120.19,1.81,299,35000000 BONO,bonorum,101.86%,681065 BONO
76,0.106875,0.00621,346,No Data,bora,-60.53%,1205750000 BORA
77,0.229702,0.006872,195,No Data,bosagora,80.59%,450000000 BOA
78,0.120954,0.006616,221,No Data,botxcoin,587.60%,5000000000 BOTX
79,949.15,131.61,513,100000 BOT,bounce-token,99.26%,100000 BOT
80,0.752381,0.001933,263,200000000 BRZE,breezecoin,-23.19%,200000000 BRZE
81,0.018532,0.001104,284,No Data,bridge-oracle,-53.78%,10000000000 BRG
82,3.2,0.991,478,200000000 BTSE,btse,13.84%,165904711 BTSE
83,1.22,0.085045,284,100000000 BTU,btu-protocol,-10.11%,100000000 BTU
84,0.099331,0.001176,311,No Data,buggyra-coin-zero,-22.69%,10000000000 BCZERO
85,0.030134,0.000006,292,184470000000 BCN,bytecoin-bcn,107.76%,184066828814 BCN
86,1.17,0.03129,101,2100000000 BTM,bytom,-52.02%,1631681738 BTM
87,1.66,0.096315,403,No Data,bzx-protocol,-41.61%,1030000000 BZRX
88,3.96,0.163678,290,No Data,c20,-83.97%,40656082 C20
89,5.69,0.002865,1202,No Data,canyacoin,-99.77%,95826983 CAN
90,1.33,0.017354,11,45000000000 ADA,cardano,328.69%,45000000000 ADA
91,0.079546,0.00081,507,No Data,carry,-65.93%,7329872058 CRE
92,0.003446,0.000114,454,No Data,casinocoin,-38.29%,39999619701 CSC
93,0.030469,0.001014,392,10000000000 CELR,celer-network,-88.18%,10000000000 CELR
94,1.01,0.330333,380,1000000000000000 CUSD,celo-dollar,-1.01%,15430981 CUSD
95,4.73,0.795534,59,1000000000 CELO,celo,87.82%,1000000000 CELO
96,1.46,0.022345,39,No Data,celsius,540.31%,695658161 CEL
97,0.541558,0.011004,249,No Data,centrality,-88.59%,1200000000 CENNZ
98,1.94,0,363,No Data,certik,> 9000%,100000000 CTK
99,19.85,0.126297,6,No Data,chainlink,6470.09%,1000000000 LINK
100,19.73,0.544636,343,21000000 PCX,chainx,-67.62%,7435650 PCX
101,0.022039,0.004001,134,No Data,chiliz,-56.49%,8888888888 CHZ
102,1.19,0.005204,286,No Data,chimpion,5889.47%,100000000000 BNANA
103,0.128535,0.008369,496,1000000000 CHR,chromia,-79.51%,486391731 CHR
104,0.347056,0.002262,371,No Data,cindicator,-60.92%,2000000005 CND
105,61.3,4.29,212,2000000000 CIPHC,cipher-core-token,16.93%,200000000 CIPHC
106,1.66,0.010813,362,No Data,civic,-84.81%,1000000000 CVC
107,0.002425,0.000194,471,100000000000 COCOS,cocos-bcx,-88.69%,100000000000 COCOS
108,0.096376,0.015168,466,330000000 XCM,coinmetro-token,12.72%,330000000 XCM
109,381.89,61.25,38,No Data,compound,-15.56%,10000000 COMP
110,0.038461,0.000897,420,No Data,constellation,-68.29%,3711998690 DAG
111,0.035189,0.001845,417,No Data,content-value-network,-31.18%,1000000000 CVNT
112,0.085274,0.004264,425,No Data,contentos,-87.77%,13500000000 COS
113,2.37,0.308407,301,100000000 CTCN,contracoin,-19.68%,100000000 CTCN
114,0.095834,0.001588,321,No Data,conun,-85.65%,5000000000 CON
115,2.41,0.034133,338,299792458 CTXC,cortex,-90.91%,299792458 CTXC
116,8.86,1.13,23,No Data,cosmos,-31.48%,263045080 ATOM
117,0.127076,0.006226,365,2000000000 COTI,coti,-68.49%,2000000000 COTI
118,20.48,2.03,237,21000000 CCA,counos-coin,2.79%,16986060 CCA
119,59.34,14.86,203,21000000 CCXX,counos-x,189.18%,18402730 CCXX
120,3.29,0.041749,509,No Data,covesting,-79.62%,20000000 COV
121,0.685723,0.125204,211,2000000000 CTC,creditcoin,4861.06%,667470477 CTC
122,3,0.065518,335,No Data,crpt,-71.51%,88960392 CRPT
123,22.01,0.000445,1106,No Data,cryptaldash,-88.53%,1000000000 CRD
124,0.201749,0.011487,17,No Data,crypto-com-coin,297.40%,100000000000 CRO
125,27.1,0.64173,319,No Data,crypto-com,-41.69%,31587682 MCO
126,1.44,0.081856,427,No Data,crypto-village-accelerator,-15.60%,100000000 CVA
127,0.09382,0.000615,353,10000000000 CBUCKS,cryptobucks,-56.63%,8534139361 CBUCKS
128,1,0.133025,295,No Data,cryptoindex-com-100,-53.11%,300000000 CIX100
129,10,0.21781,227,210000000 CNX,cryptonex,-31.41%,107135054 CNX
130,60.5,0.331598,145,No Data,curve-dao-token,-97.23%,1361098365 CRV
131,8057.36,2977.01,274,No Data,cvault-finance,33.50%,10000 CORE
132,0.037647,0.000393,498,No Data,cwv-chain,-57.81%,10000000000 CWV
133,0.16221,0.002944,85,No Data,cybervein,66.02%,2147483648 CVT
134,0.640672,0.097052,306,No Data,dad,-56.10%,1000000000 DAD
135,1.83,0.09328,248,460000000 DMCH,darma-cash,80.76%,210269852 DMCH
136,0.238817,0.003566,480,10000000000 RING,darwinia-network,637.41%,1590567953 RING
137,1642.22,0.213899,29,18900000 DASH,dash,> 9000%,9796327 DASH
138,0.018726,0.000435,384,No Data,davinci-coin,-58.04%,8800000000 DAC
139,0.288857,0.007883,90,No Data,decentraland,139.46%,2195251498 MANA
140,99.74,0.394796,68,21000000 DCR,decred,1197.10%,12206391 DCR
141,0.364281,0.164213,233,1200000000 DFI,defichain,21.98%,667388826 DFI
142,0.111397,0.00007,391,No Data,dent,-72.92%,100000000000 DENT
143,96.54,0.00142,365,88000000 DEV,deviantcoin,-47.96%,30281996 DEV
144,5.17,0.791555,180,200000000 DIA,dia,7.32%,200000000 DIA
145,0.142889,0.00002,50,21000000000 DGB,digibyte,1161.09%,13711699665 DGB
146,0.160608,0.004417,174,No Data,digitex-futures,224.08%,1000000000 DGTX
147,597.66,4.1,464,No Data,digixdao,131.11%,145951 DGD
148,0.401413,0.01502,482,No Data,dimension-chain,-86.59%,2000000000 EON
149,0.013609,0.000034,461,No Data,dinastycoin,1870.18%,1983948759 DCY
150,0.083597,0.001028,111,No Data,divi,477.42%,1978740263 DIVI
151,0.722188,0.126241,219,10000000000 DRS,doctors-coin,2281.50%,10000000000 DRS
152,0.018773,0.000085,43,No Data,dogecoin,347.94%,126948933049 DOGE
153,2.4,0.006236,633,No Data,dragon-coins,-99.28%,442695970 DRG
154,5.27,0.020523,398,433494437 DRGN,dragonchain,-34.45%,433494437 DRGN
155,0.005878,0.000689,446,10000000000 DREP,drep,-7.33%,10000000000 DREP
156,0.614791,0.011059,436,No Data,dusk-network,-77.34%,500000000 DUSK
157,0.002976,0.000122,102,No Data,dxchain-token,108.10%,100000000000 DX
158,0.238834,0.004496,323,No Data,dynamic-trading-rights,-34.95%,2000000000 DTR
159,0.257566,0.013944,435,No Data,ecoreal-estate,-12.64%,1000000000 ECOREAL
160,994.17,0.001315,219,No Data,edc-blockchain-v1,-99.99%,5330754415 EDC
161,2.88,0.000025,491,No Data,einsteinium,1601.08%,220755508 EMC2
162,0.397568,0.002849,467,10000000000 ELAMA,elamachain,45.60%,1000000000 ELAMA
163,93.96,0.839188,191,No Data,elastos,-88.17%,23084774 ELA
164,0.236234,0.001428,137,21000000000 ETN,electroneum,-56.76%,10205734094 ETN
165,1.74,0.409608,334,No Data,elitium,5.73%,332200000 EUM
166,20.43,6.8,82,No Data,elrond-egld,-58.42%,20202272 EGLD
167,9.9,0.244958,128,No Data,energi,462.82%,34495973 NRG
168,13.7,0.500661,62,100000000 EWT,energy-web-token,470.94%,48638535 EWT
169,8.3,0.070056,452,No Data,enigma,-24.91%,90638967 ENG
170,0.493384,0.01562,87,No Data,enjin-coin,379.27%,1000000000 ENJ
171,22.89,0.480196,13,No Data,eos,127.00%,1024164415 EOS
172,5.93,0.012952,340,No Data,erc20,-68.28%,12999999994 ERC20
173,6.78,0.093979,335,97739924 ERG,ergo,-83.23%,26463750 ERG
174,47.77,0.452446,32,210700000 ETC,ethereum-classic,"<span class=""cmc--change-positive"">539.08%</span>",116313299 ETC
175,1432.88,0.420897,2,No Data,ethereum,> 9000%,113281165 ETH
176,0.141822,0,381,1000000000 DIP,etherisc,43.98%,1000000000 DIP
177,0.07653,0.000624,336,No Data,everipedia,-60.99%,10014452864 IQ
178,6.32,0.001059,231,No Data,everus,481.48%,1000000000 EVR
179,1.26,0.003172,293,No Data,extstock-token,464.79%,1000000000 XT
180,0.054305,0.003529,288,No Data,fabrk,3.48%,55000000000 FAB
181,87.16,0.070891,515,No Data,factom,327.63%,9441295 FCT
182,0.056356,0.001935,166,3175000000 FTM,fantom,4.07%,2138153791 FTM
183,0.432695,0.00827,182,1152997575 FET,fetch,-56.08%,1151441226 FET
184,131.86,1.83,25,2000000000 FIL,filecoin,148.54%,27204091 FIL
185,2.85,0.016391,484,No Data,firstblood,-25.33%,93468691 1ST
186,0.307385,0.131997,319,No Data,flamingo,-79.96%,150000000 FLM
187,0.02671,0.00019,163,100000000000 FXC,flexacoin,360.48%,7273713838 FXC
188,0.368307,0.000948,314,No Data,fnb-protocol,-88.00%,2490000160 FNB
189,50.59,0.060115,417,No Data,folgory-coin,-30.79%,100000000 FLG
190,4.51,0.83129,41,No Data,ftx-token,241.68%,345219294 FTT
191,0.858698,0.03259,409,1893022625 FX,function-x,-89.12%,378604525 FX
192,0.337854,0.001051,310,No Data,funfair,-81.48%,10999873621 FUN
193,9.38,0.077527,453,No Data,fusion,-92.03%,64949953 FSN
194,97.49,0.599114,445,100000000 GAS,gas,-35.77%,17190378 GAS
195,0.925205,0.266693,171,No Data,gatetoken,-55.16%,300000000 GT
196,1.23,0.85212,378,No Data,gemini-dollar,-3.78%,15536805 GUSD
197,6.24,0.062697,349,No Data,gleec,67.81%,20916258 GLEEC
198,0.006605,0.000178,455,No Data,global-digital-content,-77.11%,4765815836 GDC
199,461.17,7.05,128,No Data,gnosis-gno,-9.82%,10000000 GNO
200,1.25,0.008797,104,No Data,golem-network-tokens,389.37%,1000000000 GNT
201,1.68,0.001373,259,No Data,greenpower,-91.96%,3294166501 GRN
202,10,0.222321,421,No Data,grin,-97.73%,56643600 GRIN
203,2.69,0.00006,424,105000000 GRS,groestlcoin,3799.65%,76234189 GRS
204,9.99,0.191197,196,100000000 GXC,gxchain,-94.49%,99712602 GXC
205,0.476902,0.075519,173,2040000000 HNS,handshake,-6.93%,319283208 HNS
206,0.030689,0.001257,190,12600000000 ONE,harmony,29.33%,12600000000 ONE
207,2236.04,71.96,280,690420 FARM,harvest-finance,-95.10%,690420 FARM
208,0.00063,0.00001,313,No Data,hashgard,-63.89%,100000000000 GARD
209,7.29,0.07652,305,No Data,haven-protocol,-63.49%,13834208 XHV
210,0.416009,0.010012,66,No Data,hedera-hashgraph,-76.25%,50000000000 HBAR
211,3.04,0.05664,60,No Data,hedgetrade,297.49%,1000000000 HEDG
212,4.03,0.253391,146,No Data,helium,166.38%,58370364 HNT
213,0.980676,0.00006,271,No Data,helleniccoin,60.16%,69868865 HNC
214,0.026853,8.00E-08,232,No Data,helper-search-token,> 9000%,10000000000 HSN
215,0.014763,0.000015,201,No Data,hex,5715.84%,397266968517 HEX
216,0.987244,0.086943,142,No Data,hive-blockchain,-61.55%,414053512 HIVE
217,0.002538,0.000219,98,No Data,holo,-38.49%,177619433541 HOT
218,0.904093,0.324853,209,10000000000 HMR,homeros,106.69%,10000000000 HMR
219,67.29,3.09,121,21000000 ZEN,horizen,-48.88%,10298188 ZEN
220,0.018703,0.002485,355,No Data,huobi-pool-token,29.69%,9792833765 HPT
221,6.1,0.889694,26,No Data,huobi-token,139.56%,500000000 HT
222,1.09,0.895969,46,No Data,husd,0.29%,279256095 HUSD
223,0.266542,0.008749,144,No Data,hxro,214.15%,1000000000 HXRO
224,43.17,0.567814,147,84000000 HC,hypercash,-80.82%,44863064 HC
225,1.08,0.024859,154,No Data,hyperion,1938.17%,10000000000 HYN
226,12.64,0.106937,64,No Data,icon,-23.11%,800460000 ICX
227,22.16,0.398946,225,55000000 ICH,idea-chain-coin,> 9000%,55000000 ICH
228,0.16444,0.008559,298,No Data,idex,30.56%,1000000000 IDEX
229,2.62,0.011237,375,999449694 IGNIS,ignis,-98.64%,999449694 IGNIS
230,1.22,0.655675,489,No Data,injective-protocol,79.41%,100000000 INJ
231,3.07,0.144225,205,No Data,ino-coin,1419.05%,1000000000 INO
232,2.74,0.100907,207,No Data,insight-chain,113.08%,10000000000 INB
233,0.201703,0.004542,481,300000000 INSTAR,insights-network,-64.81%,282004817 INSTAR
234,0.177607,0.012417,367,No Data,invictus-hyperion-fund,169.77%,119941689 IHF
235,0.136496,0.001562,107,No Data,iostoken,-81.34%,22176575243 IOST
236,5.69,0.07962,28,2779530283 MIOTA,iota,> 9000%,2779530283 MIOTA
237,0.088037,0.001239,104,10000000000 IOTX,iotex,-76.75%,9729984442 IOTX
238,1.99,0.102802,490,No Data,iqeon,703.36%,5491860 IQN
239,0.19464,0.008254,157,No Data,irisnet,-67.74%,2004469186 IRIS
240,0.550251,0.000402,202,No Data,ize,962.39%,10000000000 IZE
241,3.3,0.033246,474,No Data,jewel,-7.07%,300000000 JWL
242,0.057913,0.026312,252,No Data,joule,41.03%,200000000000 JUL
243,0.092028,0.004766,141,9900000000 JST,just,820.87%,9900000000 JST
244,89.04,14.73,763,1000000 JUL,justliquidity,255.79%,1000000 JUL
245,0.126064,0.001534,370,No Data,karatgold-coin,-60.43%,12000000000 KBC
246,0.047778,0.000401,320,5000000000 KAI,kardiachain,1467.15%,5000000000 KAI
247,0.012768,0.00001,241,No Data,karma-eos,1327.19%,8462823687 KARMA
248,5.52,0.299967,136,No Data,kava,192.91%,106274714 KAVA
249,0.318003,0.002173,347,No Data,kcash,-86.68%,1000000000 KCASH
250,2.51,0.229206,273,1000000000 KEEP,keep-network,-62.57%,1000000000 KEEP
251,383.85,36.74,173,No Data,keep3rv1,317.87%,200001 KP3R
252,0.001493,0.000002,160,10000000000000 KIN,kin,-75.62%,10000000000000 KIN
253,0.307277,0.095856,441,1000000000 KDAG,king-dag,130.13%,1000000000 KDAG
254,0.197945,0.003805,186,No Data,kleros,603.35%,764626704 PNK
255,10,0.002143,129,200000000 KMD,komodo,257.13%,122612920 KMD
256,21.14,0.323177,107,No Data,kucoin-shares,20.08%,170728394 KCS
257,60.04,0.914346,55,No Data,kusama,1568.06%,9651217 KSM
258,6,0.113539,69,No Data,kyber-network,94.48%,210378851 KNC
259,0.274357,0.006601,470,10000000000 LAMB,lambda,82.91%,6000000000 LAMB
260,24.09,0.495318,217,200000000 LRG,largo-coin,4805.46%,45865513 LRG
261,2,0.018778,429,1000000000 LA,latoken,-84.85%,400000000 LA
262,0.811044,0.020079,410,1200000000 LVX,level01,-34.15%,1200000000 LVX
263,0.554909,0.030279,435,No Data,levolution,-49.95%,311000000 LEVL
264,2.5,0.005108,474,1083202000 LBC,library-credit,-96.81%,694866005 LBC
265,0.173417,0.001008,523,No Data,linkeye,-93.92%,1000000000 LET
266,0.093018,0.002375,496,20000000000 DAPP,liquid-apps,186.61%,1046205980 DAPP
267,39.31,0.095652,73,No Data,lisk,1197.29%,142320638 LSK
268,375.29,1.11,8,84000000 LTC,litecoin,1141.49%,65803465 LTC
269,9.98,0.420587,272,No Data,livepeer,-73.54%,22537813 LPT
270,1.21,0.100628,317,No Data,loki,-41.31%,51313832 LOKI
271,0.774454,0.007666,379,No Data,loom-network,-79.14%,1000000000 LOOM
272,2.59,0.019861,70,No Data,loopring,149.63%,1374513871 LRC
273,0.264045,0.019695,402,No Data,lto-network,2.80%,403393757 LTO
274,1.2,0.004059,124,No Data,maidsafecoin,699.82%,452552412 MAID
275,0.024557,0.000382,355,No Data,mainframe,-91.91%,10000000000 MFT
276,1773.92,21.06,34,No Data,maker,2220.65%,1003154 MKR
277,0.706602,0.188178,361,206438400 MASS,massnet,-70.24%,86681092 MASS
278,0.62342,0.140579,256,200000000 MATH,math,233.79%,200000000 MATH
279,0.045017,0.003012,125,No Data,matic-network,175.19%,10000000000 MATIC
280,0.349055,0.001558,432,No Data,medibloc,-77.94%,8330649985 MED
281,270.04,1.8,167,No Data,melon,-47.53%,1524032 MLN
282,11.05,0.848456,533,No Data,meta,-82.74%,100000000 MTA
283,0.173392,0.018241,222,No Data,metacoin,326.90%,2000000000 MTC
284,0.042031,0.002862,492,No Data,metadium,-54.15%,2000000000 META
285,14.82,0.115232,345,66588888 MTL,metal,-77.31%,66588888 MTL
286,0.054589,0.001805,270,No Data,metaverse-dualchain-network-architecture,-88.80%,100000000000 DNA
287,6.24,0.059532,441,100000000 ETP,metaverse,-97.46%,79235793 ETP
288,0.291663,0.135195,442,No Data,milk-alliance,-29.21%,1300000000 MLK
289,32.49,2.78,250,20000000 MWC,mimblewimblecoin,-79.19%,10661082 MWC
290,5.69,0.122408,226,No Data,mindol,-22.43%,240000000 MIN
291,2387.6,54.04,241,1000000 XIN,mixin,-94.33%,1000000 XIN
292,0.756077,0.394029,254,10000000000 MBN,mobilian-coin,-7.59%,10000000000 MBN
293,4.31,0.19421,470,No Data,moeda-loyalty-points,-76.41%,19628888 MDA
294,2.02,0.019169,410,No Data,molecular-future,-49.99%,100000000 MOF
295,20.23,0.019599,96,No Data,monacoin,1469.49%,65729675 MONA
296,495.84,0.212967,14,No Data,monero,4783.05%,17747530 XMR
297,4.3,0.081872,509,No Data,monolith,-73.02%,39406760 TKN
298,0.82164,0.023066,484,No Data,morpheus-network,-59.79%,47897218 MRPH
299,0.006122,0.000768,463,30000000000 MBL,moviebloc,7.50%,30000000000 MBL
300,1.55,0.871629,262,No Data,mstable-usd,5.80%,41086549 MUSD
301,1.14,0.945505,22,No Data,multi-collateral-dai,1.03%,951009201 DAI
302,0.012612,0.000162,450,No Data,mvl,-78.80%,30000000000 MVL
303,0.221294,0.042057,314,No Data,mx-token,-28.65%,632308990 MX
304,0.042847,0.001232,318,No Data,mxc,8.69%,2642132373 MXC
305,37.62,0.006658,89,133248297 NANO,nano,7692.97%,133248297 NANO
306,3.43,0.403928,330,50000000 NEX,nash-exchange,-16.10%,50000000 NEX
307,30.3,18.68,312,No Data,native-utility-token,-11.43%,9998686 NUT
308,1.69,0.544461,88,No Data,near-protocol,-54.64%,1000000000 NEAR
309,16.64,0.1466,394,No Data,nebulas-token,-94.58%,72793222 NAS
310,0.575364,0.033203,294,No Data,nectar,-62.70%,618133330 NEC
311,2.09,0.000079,24,No Data,nem,> 9000%,8999999999 XEM
312,196.85,0.072287,21,100000000 NEO,neo,7908.72%,100000000 NEO
313,0.368264,0.061264,294,2100000000 NVT,nervenetwork,-16.84%,1112889044 NVT
314,0.00991,0.002565,110,No Data,nervos-network,-66.37%,29615451417 CKB
315,0.238237,0.027319,248,10000000000 NEST,nest-protocol,23.42%,9982920000 NEST
316,1.2,0.73419,257,No Data,neutrino-usd,-0.04%,52368715 USDN
317,0.243106,0.01835,713,210000000 NYB,new-year-bull,-77.64%,210000000 NYB
318,0.284351,0.016278,358,280000000 NWC,newscrypto,562.58%,279990834 NWC
319,11.14,1.58,238,600000000 NYE,newyork-exchange,251.87%,375379191 NYE
320,2.64,0.178246,179,100800000 XLT,nexalt,197.43%,19480777 XLT
321,0.539466,0.043333,84,No Data,nexo,71.42%,1000000000 NEXO
322,15.86,0.000716,460,78000000 NXS,nexus,3697.70%,64671957 NXS
323,0.080414,0.000288,353,No Data,nexxo,> 9000%,100000000000 NEXXO
324,0.013658,0.000283,387,21000000000 NIM,nimiq,-18.79%,7571054214 NIM
325,0.545913,0.006411,477,1000000000 NKN,nkn,-85.78%,700000000 NKN
326,0.147049,0.002947,387,1000000000 NOIA,noia-network,55.98%,1000000000 NOIA
327,8.54,0.094801,326,210000000 NULS,nuls,101.55%,111559670 NULS
328,99.79,1.93,90,11000000 NMR,numeraire,-28.47%,10976357 NMR
329,82.35,6.84,81,No Data,nxm,111.42%,7070478 NXM
330,2.16,0.000616,508,1000000000 NXT,nxt,-41.77%,998999942 NXT
331,999.72,9.29,329,1000000 GBYTE,obyte,35.62%,1000000 GBYTE
332,0.752522,0.013653,63,1410000000 OCEAN,ocean-protocol,1256.02%,613099141 OCEAN
333,7.51,1.25,53,No Data,okb,159.57%,300000000 OKB
334,28.35,0.319695,36,No Data,omg,445.31%,140245398 OMG
335,0.012884,0.000002,229,No Data,onotoken,1790.38%,75000000000 ONOT
336,10,0.224974,40,No Data,ontology,-83.99%,1000000000 ONT
337,0.082565,0.026542,283,1000000000 ORC,orbit-chain,-23.43%,1000000000 ORC
338,0.053365,0.004628,189,No Data,orbs,-72.29%,10000000000 ORBS
339,0.943733,0.105902,100,No Data,orchid,-44.21%,1000000000 OXT
340,0.638066,0.103215,366,No Data,origin-protocol,3.09%,1000000000 OGN
341,0.478831,0.003785,170,No Data,origintrail,-31.30%,500000000 TRAC
342,7.11,0.536295,349,No Data,orion-protocol,86.28%,100000000 ORN
343,1.17,0.198003,426,No Data,pancakeswap,-74.40%,53657720 CAKE
344,0.312386,0.051095,401,500000000 PRQ,parsiq,361.18%,500000000 PRQ
345,3487.68,1387.98,105,No Data,pax-gold,25.20%,37839 PAXG
346,1.1,0.872764,54,No Data,paxos-standard,0.10%,249952065 PAX
347,0.001407,2.10E-07,419,No Data,peepcoin,296.65%,180677730929 PCN
348,2.26,0.914193,400,No Data,perpetual-protocol,-49.90%,150000000 PERP
349,0.234452,0.088216,424,No Data,phala-network,0.83%,1000000000 PHA
350,0.296761,0.012739,926,200000000 ARRR,pirate-chain,-10.99%,171694968 ARRR
351,9.2,0.000422,375,No Data,pivx,> 9000%,56781166 PIVX
352,61.24,1.47,431,No Data,platincoin,-50.33%,603577982 PLC
353,0.523828,0.035079,515,300000000 PLTC,platoncoin,110.33%,300000000 PLTC
354,0.003235,0.000016,586,No Data,playchip,-65.08%,50000000000 PLA
355,0.542256,0.035474,276,10000000000 PLF,playfuel,1084.53%,10000000000 PLF
356,1.41,0.312738,542,87984177 PNT,pnetwork,-50.03%,65672345 PNT
357,6.84,2.69,9,No Data,polkadot-new,"<span class=""cmc--change-positive"">44.18%</span>",987964778 DOT
358,1.66,0.010747,315,No Data,polymath-network,-95.11%,1000000000 POLY
359,76.49,0.143015,453,53252246 PPT,populous,-92.49%,53252246 PPT
360,0.119478,0.001164,216,No Data,poseidon-network,4382.09%,21000000000 QQQ
361,2.01,0.03183,168,No Data,power-ledger,32.66%,999506123 POWR
362,26.49,0.002058,539,No Data,precium,-99.95%,750000000 PCM
363,2.89,0.002642,327,No Data,prizm,-99.26%,6000000000 PZM
364,1.54,0.005972,462,No Data,project-pai,-99.44%,1708992278 PAI
365,3.71,0.100493,469,No Data,prometeus,365.83%,19250000 PROM
366,0.09383,0.028018,502,1000000000 PROPS,props,-0.97%,662588454 PROPS
367,0.1009,0.005881,448,10000000000 XPR,proton,-89.83%,10000000000 XPR
368,0.007203,0.00038,495,No Data,proximax,-69.90%,9000000000 XPX
369,0.015621,0.000079,158,No Data,pundi-x,-85.33%,258526640301 NPXS
370,2.49,0.00844,426,No Data,qash,-92.52%,1000000000 QASH
371,0.217041,0.123382,239,10000000000 QC,qcash,4.06%,10000000000 QC
372,99.87,0.770018,65,107822406 QTUM,qtum,-71.29%,102881688 QTUM
373,17.2,0.163629,67,No Data,quant,745.28%,14612493 QNT
374,0.866421,0.004076,367,No Data,quantstamp,-66.71%,976442388 QSP
375,4.17,0.040836,555,105000000 QRL,quantum-resistant-ledger,-86.55%,72495499 QRL
376,0.307567,0.00008,475,No Data,quark,> 9000%,267054866 QRK
377,0.341594,0.001365,149,10000000000 QKC,quarkchain,-98.21%,10593273337 QKC
378,0.211398,0.003249,505,No Data,quickx-protocol,-83.30%,500000000 QCX
379,0.150045,0.041719,487,285714286 RKN,rakon,678.17%,285714286 RKN
380,0.080258,0.008794,93,21000000000 RVN,ravencoin,-57.81%,7398235000 RVN
381,3.14,0.008209,399,No Data,rchain,"<span class=""cmc--change-negative"">-84.35%</span>",870663574 REV
382,0.032391,0.000006,277,No Data,redd,3103.69%,28808713174 RDD
383,0.593227,0.015394,58,No Data,ren,223.64%,999999633 REN
384,15389.21,9011.76,210,No Data,renbtc,48.00%,20519 RENBTC
385,0.768848,0.019302,446,No Data,repo,-6.00%,356999900 REPO
386,1.18,0.004651,345,999983984 REQ,request,-69.61%,999966002 REQ
387,0.03137,0.001247,87,No Data,reserve-rights,185.09%,100000000000 RSR
388,4.49,0.010173,76,No Data,revain,-79.04%,12484410729 REV
389,0.516849,0.010016,333,No Data,ripio-credit-network,-39.93%,999942647 RCN
390,5.4,0.148783,123,No Data,rlc,147.07%,86999785 RLC
391,4.92,0.091175,278,No Data,rocket-pool,168.05%,17922515 RPL
392,0.223294,0.027361,116,No Data,rsk-infrastructure-framework,-54.86%,1000000000 RIF
393,4.26,0.002149,267,No Data,s4fe,-45.40%,1000000000 S4F
394,99.76,0.016917,373,No Data,salus,> 9000%,1012265 SLS
395,0.045302,0.00178,506,No Data,sapphire,431.30%,416295321 SAPP
396,0.606587,0.255416,290,No Data,secret,-31.01%,111771105 SCRT
397,0.469941,0.002548,483,No Data,seele,-95.50%,30000000000 SEELE
398,0.011551,0.000408,407,4200000000 SNTVT,sentivate,52.53%,4200000000 SNTVT
399,3.78,0.110006,140,10000000000 SRM,serum,666.02%,161000001 SRM
400,0.051886,0.000159,151,No Data,sharetoken,-3.86%,6434460140 SHR
401,0.111708,0.000011,80,No Data,siacoin,5138.73%,44993062992 SC
402,1.86,0.007497,162,1000000000 AGI,singularitynet,-61.34%,1000000000 AGI
403,4.94,0.505153,113,No Data,solana,516.13%,488607812 SOL
404,0.907103,0.130458,224,400000000 SOLO,sologenic,139.46%,399996921 SOLO
405,0.565909,0.033678,165,1000000000 SOLVE,solve,-40.02%,1000000000 SOLVE
406,139.38,0.639872,303,No Data,sora,2651.24%,350000 XOR
407,2.8,0.020533,493,No Data,spectre-dividend,-12.20%,140270691 SXDT
408,0.027349,0.005388,385,No Data,sport-and-leisure,50.82%,963252000 SNL
409,0.56936,0.015706,428,No Data,stakenet,-72.37%,111163927 XSN
410,0.094944,0.0058,427,No Data,standard-tokenization-protocol,37.26%,1942420283 STPT
411,1.38,0.980801,155,No Data,stasis-euro,-2.68%,31979207 EURS
412,0.675945,0.006196,108,No Data,status,-68.90%,6804870174 SNT
413,8.57,0.069192,126,No Data,steem,-79.36%,411507498 STEEM
414,0.938144,0.001227,18,No Data,stellar,2421.13%,50001803683 XLM
415,0.211679,0.001655,291,5000000000 SCC,stem-cell-coin,52.77%,5000000000 SCC
416,3.13,0.048353,122,No Data,storj,-45.89%,424999998 STORJ
417,0.246579,0.000572,403,10000000000 STMX,stormx,"<span class=""cmc--change-negative"">-88.70%</span>",9564320810 STMX
418,54.23,17.25,218,21000000 STP,stpay,67.53%,21000000 STP
419,22.66,0.008483,156,No Data,stratis,2524.88%,100020689 STRAT
420,0.374587,0.004854,193,No Data,streamr,-50.69%,987154514 DATA
421,316.12,14.99,235,10000000 STRONG,strong,-93.61%,10000000 STRONG
422,0.52403,0.087993,357,No Data,suku,-51.11%,1500000000 SUKU
423,35.7,7.08,159,19900730 SUN,sun,-77.33%,19900730 SUN
424,0.343686,0.029989,186,647367590 SERO,super-zero-protocol,-72.55%,639527748 SERO
425,2.36,0.387605,299,No Data,susd,0.55%,22510653 SUSD
426,11.93,0.50827,100,No Data,sushiswap,-84.98%,143953027 SUSHI
427,5.02,0.160996,118,No Data,swipe,282.60%,289612084 SXP
428,0.172034,0.00477,112,No Data,swissborg,-23.23%,1000000000 CHSB
429,0.092481,0.001691,304,No Data,switcheo,-64.92%,1149310973 SWTH
430,0.651826,0.005704,390,No Data,synchrobitcoin,-9.11%,1000000000 SNB
431,7.86,0.03242,49,No Data,synthetix-network-token,457.38%,207106900 SNX
432,0.981476,0.000199,197,888000000 SYS,syscoin,1752.99%,599433437 SYS
433,0.186768,0.034392,485,1500000000 IPX,tachyon-protocol,-16.42%,1000000000 IPX
434,0.274951,0.016624,264,No Data,tap,44.46%,10000000000 XTP
435,0.01178,0.000065,542,No Data,telcoin,-87.47%,100000000000 TEL
436,89.66,1.11,187,No Data,tellor,1307.72%,1612686 TRB
437,0.000882,0.000768,228,No Data,terra-krw,1.50%,104290858541 KRT
438,1.83,0.119867,79,No Data,terra-luna,-83.22%,998194036 LUNA
439,1.21,0,3,No Data,tether,0.08%,17370002435 USDT
440,4.48,0.314631,19,No Data,tezos,294.24%,748918840 XTZ
441,0.079961,0.000578,71,No Data,the-midas-touch-gold,-61.47%,9161139666 TMTG
442,0.086577,0.028953,341,3000000000 SAND,the-sandbox,260.53%,3000000000 SAND
443,5.38,0.360956,268,2000000000 TTT,the-transfer-token,-65.06%,2000000000 TTT
444,0.025061,0.000889,139,No Data,theta-fuel,-48.88%,5000000000 TFUEL
445,0.800326,0.039771,31,No Data,theta,271.80%,1000000000 THETA
446,1.18,0.007939,120,No Data,thorchain,1034.09%,500000000 RUNE
447,2734.1,0.145105,215,No Data,thorecoin,> 9000%,100000 THR
448,25.32,0.000453,302,210000000 THX,thorenext,-37.01%,210000000 THX
449,0.029818,0.002613,192,10000000000 TT,thunder-token,-85.29%,10000000000 TT
450,0.686332,0.25094,283,No Data,titanswap,83.61%,10000000000 TITAN
451,248.84,12.33,465,No Data,tixl,1026.40%,900000 MTXLT
452,0.320208,0.038309,213,1000000000000 TNC,tnc-coin,-60.42%,1000000000000 TNC
453,2.3,0.140721,150,No Data,tomochain,99.51%,100000000 TOMO
454,0.003158,0.000077,244,No Data,tratin,-87.14%,144287391827 TRAT
455,2.46,0.043948,178,No Data,travala,539.25%,61181769 AVA
456,0.300363,0.001091,15,No Data,tron,1073.96%,100850743812 TRX
457,0.010834,0.00133,309,No Data,troy,-77.02%,10000000000 TROY
458,3.71,0.156306,417,No Data,truechain,-78.56%,100000000 TRUE
459,1.36,0.917877,51,No Data,trueusd,0.14%,255048114 TUSD
460,0.185179,0.006478,358,No Data,trust-wallet-token,900.98%,1000000000 TWT
461,1.74,0.012528,459,No Data,trustswap,249.71%,99999163 SWAP
462,0.046037,0.000386,472,No Data,uca-coin,-50.40%,5230763289 UCA
463,0.037141,0.005689,279,No Data,ultiledger,105.25%,4500000000 ULT
464,0.73702,0.019822,194,No Data,ultra,67.40%,1000000000 UOS
465,27.63,1.16,37,No Data,uma,361.55%,101082043 UMA
466,9.03,0.151342,275,No Data,uni-coin,-80.84%,1000000000 UNI
467,0.593566,0.008132,130,No Data,unibright,138.37%,150000000 UBT
468,8.44,0.418998,35,No Data,uniswap,93.51%,1000000000 UNI
469,124.99,0.967222,381,No Data,unobtanium,1366.27%,202956 UNO
470,2,0.803558,20,No Data,unus-sed-leo,19.05%,999498893 LEO
471,8.96,0.037075,109,No Data,uquid-coin,504.94%,40000000 UQC
472,1.11,0.929222,10,No Data,usd-coin,-0.40%,2928949419 USDC
473,1.25,0.902469,449,No Data,usdj,-1.06%,11523481 USDJ
474,1.12,0.906511,281,No Data,usdk,-0.25%,28600072 USDK
475,1.42,0.005431,131,No Data,utrust,59.96%,500000000 UTK
476,0.297542,0.013573,176,No Data,v-systems,-55.27%,4042041860 VSYS
477,0.022917,0.001678,30,No Data,vechain,"<span class=""cmc--change-negative"">-38.83%</span>",86712634466 VET
478,0.090082,0.011618,94,No Data,velas,99.37%,2106296362 VLX
479,4.77,2.14,497,30000000 XVS,venus,-9.63%,30000000 XVS
480,0.300588,0.000002,115,16555000000 XVG,verge,> 9000%,16382823543 XVG
481,10,0.005343,450,84000000 VTC,vertcoin,172.41%,57243072 VTC
482,0.52392,0.069875,305,No Data,veruscoin,390.62%,58239648 VRSC
483,0.231257,0.001202,253,No Data,vestchain,-56.96%,8420042616 VEST
484,0.042012,0.000153,330,No Data,vethor-token,-98.24%,29233211768 VTHO
485,1.22,0.042714,368,58501137 VIDT,vidt-datalink,157.14%,57386799 VIDT
486,6.76,0.161344,223,100000000 VITAE,vitae,3992.58%,19731056 VITAE
487,0.352093,0.137513,499,No Data,vnx-exchange,19.58%,80000000 VNXLU
488,10,0.016992,164,222295208 VGX,voyager-token,111.14%,222295208 VGX
489,45.96,0.142135,570,100000000 WTC,waltonchain,-77.40%,70000000 WTC
490,9.92,0.075754,152,No Data,wanchain,-94.95%,191869911 WAN
491,18.07,0.122684,42,No Data,waves,133.80%,103442404 WAVES
492,5.01,0.015961,138,No Data,wax,-84.26%,3721164898 WAXP
493,2.85,0.092051,172,No Data,waykichain,-82.77%,210000000 WICC
494,0.229163,0.055241,376,No Data,wazirx,-43.85%,995833334 WRX
495,32.28,25.97,255,No Data,wbnb,-4.88%,2033881 WBNB
496,0.445895,0.000066,236,No Data,whitecoin,> 9000%,250183629 XWC
497,0.000472,0.000041,181,No Data,wink-tronbet,-78.11%,994855928116 WIN
498,0.064081,0.006504,188,No Data,wirex-token,-66.45%,10000000000 WXT
499,0.131042,0.000705,398,No Data,wixlar,17.49%,5330000000 WIX
500,0.439962,0.040414,327,1000000000 WOM,wom-protocol,336.50%,1000000000 WOM
501,40826.5,3330.12,16,21000000 WBTC,wrapped-bitcoin,293.71%,122281 WBTC
502,41.26,1.07,185,8537500 STAKE,xdai,1497.29%,8287582 STAKE
503,0.461936,0.064415,269,110000000 XNC,xenioscoin,359.24%,100413374 XNC
504,0.123932,0.001663,359,5000000000 XSR,xensor,-82.22%,4800000000 XSR
505,0.019188,0.000157,234,No Data,xinfin-network,107.44%,37620856423 XDC
506,3.84,0.002802,4,100000000000 XRP,xrp,3959.52%,99990862913 XRP
507,183.44,0.022317,546,No Data,yamv1,-99.48%,32575725 YAM
508,9405.23,96.29,133,39375 YFII,yearn-finance-ii,98.61%,39375 YFII
509,43873.82,739.44,45,No Data,yearn-finance,793.87%,30000 YFI
510,3,2.49,436,70000000 YEP,yep-coin,11.68%,10736310 YEP
511,1339.83,108.15,337,21000 YF-DAI,yfdai-finance,1003.17%,21000 YF-DAI
512,1956.97,12.75,339,52000 YFL,yflink,40.82%,52000 YFL
513,83.81,2.14,441,5854898 YFV,yfvalue,-81.88%,4595198 YFV
514,4405.84,2.04,617,80000 SAFE,yieldfarming-insure,-85.18%,80000 SAFE
515,3.61,3.11,251,40000000 YUSRA,yusra,6.15%,40000000 YUSRA
516,1.83,0.001334,416,No Data,zap,-91.16%,520000000 ZAP
517,0.439128,0.106436,77,No Data,zb-token,-7.47%,2100000000 ZB
518,0.130757,0.024647,406,No Data,zbg-token,-59.32%,500000000 ZT
519,5941.8,18.94,33,21000000 ZEC,zcash,-98.77%,10396538 ZEC
520,169.99,0.275101,170,21400000 XZC,zcoin,658.41%,21400000 XZC
521,7.47,0.922364,208,300000000 ZLW,zelwin,437.68%,300000000 ZLW
522,4.76,0.175244,400,No Data,zenon,86.92%,5477498 ZNN
523,0.231489,0.002477,61,21000000000 ZIL,zilliqa,350.10%,13885789388 ZIL
524,5.24,0.235939,321,No Data,zynecoin,-21.80%,100150000 ZYN
,,,,,balancer,,
,,,,,darcio-ecosystem-coin,,
,,,,,envion,,
,,,,,eterbase-utility-token,,
,,,,,huobi-btc,,