name,mean,std,amin,amax
#MetaHash,7368416.546875,224573.07549701096,5737198.0,7753028.0
0chain,8396183.307291666,299856.6337830482,7901104.0,8848842.0
0x,240236851.53645834,6634224.393689576,229003384.0,254011294.0
ARPA Chain,13859302.21875,620176.0077678032,13000706.0,14956177.0
AXEL,15405051.317708334,496949.94327697763,13107058.0,16385034.0
Aave,335692633.0520833,18286853.664507695,311498852.0,370427447.0
Aave DAI,34524606.885416664,209658.0294170347,33519910.0,34576671.0
Aave ETH,210183391.16145834,97145.433198096,209703300.0,210213657.0
Aave LINK,331242527.9739583,1384900.9101271767,330341112.0,337304117.0
Aave MKR,9128883.916666666,115420.8577058677,8976775.0,9238065.0
Aave SNX,7307445.291666667,25401.95395168251,7222068.0,7335569.0
Aave TUSD,64203673.421875,35179.97135960931,63975677.0,64380602.0
Aave USDC,146918819.546875,6766780.732857479,122349814.0,148882736.0
Aave USDT,11607822.666666666,29369.23612375319,11591293.0,11659765.0
Aave WBTC,8291448.416666667,13145.830146994445,8270735.0,8299702.0
Aave [OLD],51532505.614583336,2843806.1252341736,47575452.0,57447463.0
Aavegotchi,9218632.822916666,127306.14614677362,8979477.0,9450507.0
Achain,5006121.10989011,189963.90465405118,4626428.0,5368672.0
AdEx,21993719.276041668,648768.4340899638,20637435.0,23149086.0
Aergo,11055841.708333334,187340.3210434366,10743514.0,11577930.0
Aeternity,33854979.385416664,888738.4201625632,32186416.0,35319515.0
Aion,29041295.645833332,966957.2901000911,27449845.0,30941240.0
AirSwap,18686352.171875,657821.748572229,17186588.0,19994988.0
Akash Network,8645105.125,338714.9447503571,7834754.0,9076418.0
Akropolis,19172394.947916668,1621759.3907290879,16577274.0,22190313.0
Alchemy Pay,6645983.098958333,252691.02919214233,6186307.0,7183391.0
Aleph.im,5699140.411458333,239881.5362543154,5239603.0,6126259.0
Algorand,195237543.80729166,8338715.6839699,182911969.0,209411835.0
Alpha Finance,4930998.973404256,155312.57808608832,4590585.0,5202446.0
Ampleforth,148960865.78125,6516544.288497307,135971729.0,163090741.0
Ankr,40017748.421875,1774996.8755307847,37022941.0,42940091.0
Apollo,15565845.572916666,333475.2534298914,14976162.0,16610506.0
Aragon,102323467.515625,3192106.777448655,96963940.0,107833726.0
Aragon Court,4653682.0,,4653682.0,4653682.0
Arcblock,6590983.828125,274495.3864081104,6297068.0,7130997.0
Ardor,48193312.875,1993758.7522172173,45617375.0,59276370.0
Ark,42819196.229166664,973223.3604394869,41039452.0,44780098.0
Arweave,86964678.77083333,8929281.775558563,74614552.0,101726011.0
Atari,10211151.27027027,3983214.552680422,4629007.0,16076534.0
Audius,5880343.166666667,471514.1614198115,5042255.0,6568784.0
Augur,66814734.276041664,1640059.6540568613,64786829.0,72294171.0
Aurora,7356389.911458333,141095.48677286837,7033014.0,7647907.0
Avalanche,87195554.55729167,4084771.646094187,79966392.0,94187642.0
B2BX,11819278.28125,899768.8695315643,9733926.0,12222836.0
BEAM,16801689.734375,530966.4303734698,15908012.0,17829162.0
BEAT,4575215.0,0.0,4575215.0,4575215.0
BOSAGORA,22219090.817708332,426274.351578619,21071707.0,23115776.0
BOScoin,19292817.109756097,3471548.041320135,8360063.0,25291810.0
BTSE Token,16184973.994791666,265474.15654516476,15566419.0,17455247.0
BTU Protocol,23929428.854166668,479754.5111647434,22705543.0,24603771.0
Balancer,75530379.71354167,3376254.7729490655,71316863.0,82732017.0
Bancor Network Token,39389545.677083336,1267012.6148299328,37613631.0,42595315.0
Band Protocol,95300281.77083333,4160761.826065175,89100222.0,103966166.0
Bankroll Network,7540361.854166667,524986.5693961164,6443815.0,8928633.0
BarnBridge,5645032.016129033,802083.3914668121,4669344.0,8688058.0
Based Money,7426146.177083333,486772.4709297205,6350679.0,9294559.0
Basic Attention Token,273100984.6197917,6051867.854025561,261390924.0,285859986.0
Bella Protocol,12279114.661458334,485510.2110958639,11420821.0,12895870.0
Beowulf,13683893.276041666,2089294.2097753158,9762067.0,15963582.0
Bibox Token,5933215.328125,179633.45463718905,5668430.0,6299580.0
Binance Coin,4085064765.890625,135756905.10310417,3856224791.0,4307217148.0
Binance USD,700514949.0260416,5934137.84534876,686211295.0,709900699.0
Bit-Z Token,13785501.098958334,280992.4812816417,13288039.0,14241968.0
BitKan,11308058.9375,213794.05011670353,10990560.0,11915236.0
BitShares,43458342.640625,2599946.033498251,38353737.0,47248401.0
BitTorrent,188894946.82291666,5817422.45732189,179744423.0,199342938.0
Bitcoin,251709007217.4271,2400547900.654258,245457248924.0,256376118324.0
Bitcoin 2,7210429.682291667,356331.7764575023,6295608.0,7753900.0
Bitcoin Cash,4692564128.588542,195337685.33332804,4413958106.0,5024361974.0
Bitcoin Diamond,83860683.68229167,3945376.979804088,73373039.0,88622817.0
Bitcoin Gold,121839112.22395833,1655300.4607193088,119137246.0,125174697.0
Bitcoin Rhodium,4923032.875,45950.372463708845,4809583.0,4942446.0
Bitcoin SV,2913936448.4479165,103547108.99960336,2725591941.0,3088380762.0
Bitmax Token,33966131.760416664,663910.7258793395,32996487.0,35320010.0
Blocknet,7654658.197916667,1093120.3808089471,6611938.0,11742834.0
Blockstack,133766230.484375,4611831.428120829,124929703.0,141786691.0
Bloody Token,4694209.0,,4694209.0,4694209.0
Bluzelle,14071368.328125,645262.5432471223,13086413.0,14984417.0
Bounce Token,9047086.473958334,446490.6291279689,8486709.0,10281467.0
Bread,4763920.0,71313.088882757,4694793.0,4831330.0
Burst,6324270.181818182,1114537.0864663788,5369611.0,7641612.0
BuySell,10830818.864583334,148492.5582388094,10481495.0,11009056.0
Bytecoin,25416023.979166668,790420.6338604385,23668199.0,27570612.0
Bytom,89978300.890625,3922898.8994117877,84289114.0,97216307.0
CIPHER,8052918.666666667,5304.060928508785,8047937.0,8058495.0
CNNS,5565672.713541667,316671.3520036479,4977177.0,6427249.0
COCOS BCX,10482362.854166666,142571.0808915905,9981631.0,10768105.0
COTI,16486842.473958334,816932.711837191,14982206.0,17986211.0
CRDT,27235859.348958332,498920.53149446717,26711701.0,28521537.0
CRYPTO20,21013484.453125,693477.1003726004,20016720.0,22697645.0
Cardano,2914126201.96875,88220581.19141608,2758148900.0,3097348514.0
Carry,13492441.994791666,429264.0074087038,12716718.0,15651062.0
Cartesi,5812664.802083333,168445.95972798715,5513336.0,6204925.0
CashBet Coin,6533115.734375,707597.0624541668,5569575.0,8315103.0
Celer Network,14572651.802083334,670063.919235838,13458022.0,15834074.0
Celsius Network,502612384.6510417,5087657.461251243,493030522.0,516490255.0
Centaur,25374181.5,280326.8502968835,24706421.0,26047623.0
CertiK,17238853.041666668,974378.8130606158,15362055.0,19240217.0
ChainX,17900571.010416668,176782.94784647005,17457656.0,18265513.0
Chainlink,4218767279.171875,183046199.6621658,3959760358.0,4533351849.0
Cherry,10692307.96875,294019.0946346129,10225459.0,11338439.0
Chiliz,50319459.5,777804.3835687595,47662911.0,51827276.0
Chimpion,28307526.625,2826559.4425868182,20472180.0,33396042.0
Chromia,10174609.338541666,654631.4591674928,9261801.0,11279841.0
Cindicator,15327468.635416666,702065.536949467,14142766.0,16833212.0
Civic,16686738.182291666,419963.66194717103,15971274.0,17693827.0
CoinHe Token,4826580.432291667,67347.54527253535,4664763.0,4964612.0
CoinMetro,8108520.713541667,431938.56102770945,7423600.0,8975337.0
Compound,350248631.2291667,17239821.214729834,316689372.0,381736259.0
Constellation,54900969.0,0.0,54900969.0,54900969.0
Content Value Network,8957826.411458334,633860.9431378085,7966877.0,10157149.0
Contentos,17759129.208333332,686356.3218230444,16634280.0,19580902.0
Cosmos,1092747252.5052083,35625195.25614453,1032450889.0,1157203052.0
Covesting,10115723.916666666,540770.7581411047,9218011.0,11102148.0
Cream,22465519.729166668,854667.3530273719,20317302.0,24149396.0
Crypterium,18781243.171875,439072.9943272254,17911340.0,19572366.0
Crypto.com Coin,1702260405.1354167,57371906.70275553,1559046480.0,1805047971.0
Curve DAO Token,39781172.989583336,2123684.466951798,36835019.0,44268887.0
CyberMiles,5666933.958333333,253939.74556552304,5249781.0,6334962.0
DAOstack,5698457.0,451812.8228339871,4746341.0,6828309.0
DFI.money,50041944.322916664,2337836.4459977173,46664785.0,54751403.0
DIA,26936448.8125,1377596.744537968,24826083.0,29323593.0
DMM: Governance,8192272.510416667,240050.42451646682,7843634.0,8572580.0
DMarket,6864288.348958333,51283.46158249095,6748461.0,6970278.0
DOS Network,6341657.03125,260898.19221763205,5872838.0,6713851.0
DUSK Network,14120380.822916666,746822.7047200905,12896944.0,15606170.0
DXDao,5962611.291666667,146985.16106173643,5741037.0,6241306.0
DaTa eXchange Token,7953584.328125,232602.1635082621,7540279.0,8388264.0
Dai,953810778.4114584,5158378.728174499,944764948.0,961687957.0
Darico Ecosystem Coin,19318823.0,0.0,19318823.0,19318823.0
Darwinia Network Native Token,15084405.947916666,696119.0380547623,13830726.0,16871333.0
Dash,641506273.4270834,16785621.360411845,620322504.0,678541688.0
DeFiPulse Index,14098834.322916666,339032.2048612298,13457767.0,14741998.0
Decentraland,84716732.765625,2260656.296817883,79956484.0,89527725.0
Decred,145865355.05208334,3040616.2034153757,141737818.0,152244523.0
DefiDollar,6325595.067708333,798176.5689204392,5448199.0,8645200.0
DefiDollar DAO,7497516.96875,255574.88752721273,7179663.0,7972485.0
Dego Finance,5810936.067708333,95067.20914659284,5257929.0,5990263.0
Dent,14934692.890625,372245.8023764466,14360901.0,15916373.0
Dero,5701625.244791667,227520.67962093095,5420517.0,6210525.0
DexTools,6265270.567708333,344775.12390906113,5784996.0,6952602.0
Dify.Finance,7127843.895833333,123655.34284174099,6940599.0,7377512.0
DigiByte,270809195.734375,6859942.331491836,255954829.0,283026295.0
DigitalNote,5050730.428571428,293213.6477410823,4627920.0,5865641.0
Digitex Futures Exchange,30184515.510416668,2923952.403513341,23683130.0,34726987.0
Digix Gold,5836980.088541667,85022.2549468592,5638962.0,5985896.0
DigixDAO,10796088.578125,190507.27007362526,10394178.0,11171732.0
Divi,69205965.31770833,1857786.1996797563,65600326.0,72872013.0
Dock,4865052.28,96188.99528491178,4629073.0,5141817.0
Dogecoin,320925212.0833333,3573068.609483476,312074985.0,328644540.0
Dragonchain,9609350.90625,312753.0742023466,9121910.0,10155845.0
DuckDaoDime,5939220.0,,5939220.0,5939220.0
Dune,8330314.911458333,557843.6973552937,7527258.0,8994913.0
Dynamic,8281938.348958333,334585.28162085597,7257469.0,9091720.0
EOS,2280577932.1927085,69719824.81678529,2157413628.0,2396963244.0
EOSDT,5381471.354166667,49467.46650082338,5281296.0,5545853.0
EUNO,5635608.302083333,295462.97595511685,4832560.0,5812537.0
EasyFi,4681157.0,28343.236100817187,4657637.0,4716254.0
Edgeware,35368649.59375,1823099.970169078,30609589.0,37895876.0
Effect.AI,5688293.614583333,227512.20633820223,5151777.0,6169018.0
Eight Hours,32615509.390625,3495270.694819066,25872652.0,37249436.0
Einsteinium,9582624.473958334,157770.90723567214,9193145.0,9916277.0
Elastos,28502825.473958332,581769.4412424923,27149712.0,29962758.0
Electra,5203348.8522727275,206654.50188580438,4722401.0,5617512.0
Electroneum,45796496.119791664,1817120.231597891,43411330.0,50349476.0
Elrond,107141602.25,2207835.1295624636,104148388.0,111991477.0
Empty Set Dollar,70577440.88020833,3391901.9921853845,62740988.0,84985112.0
Energi,53002505.583333336,3214398.919032502,45507365.0,59015346.0
Energy Web Token,183833284.09895834,7397665.982241387,168465593.0,196851956.0
Enigma,28204889.166666668,9054032.97667455,5794583.0,39131921.0
Enjin Coin,112190502.484375,3816925.7737494106,106590145.0,118921009.0
Ergo,10899478.552083334,413566.1945919208,10145528.0,12469530.0
Eterbase Utility Token,24223487.09375,541116.7021757724,23451195.0,24600653.0
Ethereum,43647750626.729164,839743858.9418749,42218742956.0,45507746145.0
Ethereum Classic,574975463.9947916,18409630.20532539,546297176.0,610625733.0
Etherisc DIP Token,14847490.192708334,662475.5335163632,12860088.0,16507566.0
Everex,5019663.385416667,77261.8641075871,4859500.0,5222458.0
FIO Protocol,8226083.729166667,194122.18281168072,7890612.0,8523359.0
FOAM,6591321.677083333,365521.56593612675,5775404.0,7342230.0
FTX Token,325013995.9114583,7035358.583400868,315945953.0,339338741.0
FUSION,15567709.036458334,934335.9002129316,14561729.0,17967665.0
Factom,7895496.713541667,380831.62505489733,7029944.0,9239918.0
Fantom,39963737.916666664,1893611.1257112068,36842662.0,43236174.0
Ferrum Network,4710692.0,37601.57434908026,4632889.0,4775720.0
Fetch.ai,28263341.015625,1795447.7983239468,25909345.0,31667838.0
Filecoin,788616188.046875,16348830.679871265,756644303.0,832059513.0
First Blood,8160654.859375,603468.3171116587,6370150.0,9619983.0
Force Protocol,21910094.25,1367046.2954907012,19881036.0,24199188.0
FunFair,19359518.203125,260686.34379643554,18865433.0,19972898.0
GXChain,23860624.755208332,1085977.148600773,22191147.0,25470245.0
Gas,16616101.755208334,462279.0580812171,15955051.0,17290182.0
GateToken,80231691.32291667,3039221.0186474,74836975.0,85349173.0
Gemini Dollar,16865463.90625,494201.3901830275,15464928.0,17324554.0
Genesis Vision,4789198.935897436,113141.23659177218,4635022.0,4944992.0
Gifto,6556636.930232558,302141.053534567,5990234.0,7236851.0
Gnosis,53612306.333333336,1357239.8947514968,51625909.0,57900836.0
GoChain,5767482.927083333,186330.5886337279,5435650.0,6155250.0
Golem,75757933.98958333,2171792.873067755,70857965.0,79384274.0
Gridcoin,4690048.37755102,34696.5782277104,4581573.0,4774414.0
Grin,13536494.239583334,543710.6427659652,12568751.0,14347511.0
Groestlcoin,12727298.151041666,183092.4025483983,12467457.0,13773430.0
HUNT,4831883.816793893,121457.41094327252,4555649.0,5068039.0
HUSD,277199308.6458333,2163743.909732855,272344629.0,281528860.0
Hacken Token,5213514.0,,5213514.0,5213514.0
Handshake,28999297.182291668,939121.7950359446,27381019.0,31005053.0
Harmony,32237406.989583332,1694305.7055379304,29575597.0,35574426.0
Harvest Finance,24423171.848958332,1105020.7494169085,21820134.0,27088946.0
Hashgard,28394466.0,0.0,28394466.0,28394466.0
Haven,23862915.510416668,1088842.8883542868,21279877.0,25673546.0
Hedera Hashgraph,174917505.13541666,2724475.4374859054,170897888.0,185078320.0
Hegic,26362610.234375,1998241.687126435,22143816.0,30850296.0
Helium,34795375.911458336,1345131.79579977,32525842.0,37376563.0
Hive,41088488.661458336,1266770.1411376088,39177721.0,43678130.0
Holo,80511967.3125,1352282.4041710992,76977561.0,85120026.0
Horizen,56667278.3125,531778.0738886353,55679368.0,57922802.0
Huobi BTC,67367395.0,0.0,67367395.0,67367395.0
Huobi Token,884113793.890625,49489740.57971727,821251357.0,971465050.0
Hxro,46313385.838541664,1278698.676650759,44059571.0,48714934.0
Hycon,5415003.140625,334234.84341602674,5011549.0,6715848.0
HyperCash,40158843.895833336,1203139.3653482555,37677536.0,42485686.0
Hyperion,23304383.697916668,640680.5249947751,21871968.0,24526137.0
Hyprr (Howdoo),5962328.458333333,153621.25080018022,5498261.0,6236258.0
I/O Coin,18858812.55147059,7242912.233493045,4758715.0,33467122.0
ICON,184863739.28645834,4868485.042609862,177256768.0,195474868.0
IDEX,24117076.307291668,911686.2627176607,22453715.0,25466165.0
INSTAR,10024539.223958334,554581.9249920627,8755318.0,10705649.0
IONChain,5068148.378947369,390289.69564184657,4680804.0,9758467.0
IOST,77843998.125,3214337.7332572513,72923831.0,83794587.0
IOTA,683176333.9583334,16653623.51748645,659280734.0,715271621.0
IQeon,8817232.463541666,79895.17871383495,8648373.0,9038373.0
IRISnet,38684054.125,1894710.3433396022,36172102.0,42414511.0
Ignis,16179170.072916666,238846.91470993802,15791065.0,16616723.0
Infinitecoin,5437735.274193549,702410.4795669791,4609825.0,6806316.0
Injective Protocol,9688966.09375,450501.01112804835,8885658.0,10474364.0
IoT Chain,5627315.052083333,282997.5334378975,5212309.0,6077697.0
IoTeX,41952069.979166664,824341.5510883839,40532308.0,43919249.0
JUST,28773535.78125,2012003.040182424,26441949.0,32549432.0
Kadena,7850051.072916667,259809.9106316454,7381744.0,8523889.0
KardiaChain,21198103.734375,919610.3378041887,19586729.0,22533012.0
Kava,44160384.53125,2313116.731875472,39595290.0,48323527.0
Keep Network,27160720.46875,2548138.9257779894,25414805.0,39099038.0
Keep3rV1,38931651.854166664,4196556.441460231,30983269.0,45807794.0
Kleros,29741801.729166668,2812334.951808584,23314995.0,32345178.0
Komodo,52228025.505208336,1186010.3098491405,50279496.0,54655680.0
KuCoin Shares,67708093.578125,772906.7502358212,66553919.0,68903355.0
Kulupu,5280609.171875,341878.5504573413,4752308.0,6141795.0
Kusama,268855515.125,10245547.200265046,249589406.0,293452730.0
Kyber Network,150928825.984375,4589951.249939669,144355748.0,159108308.0
LBRY Credits,9389350.177083334,215764.6880175455,9051041.0,9905135.0
LCX,6436626.348958333,413358.00304246484,5518201.0,7671546.0
LEO Token,1228051836.5364583,5112651.995781119,1218519054.0,1237358454.0
LINKA,5071089.494791667,50575.78963127701,4966836.0,5286806.0
LTO Network,14195616.739583334,390124.47453089245,13608399.0,14820588.0
Lambda,24499949.208333332,1289230.3534617156,22761044.0,26669632.0
Lamden,4910109.089473684,166040.40799268783,4617856.0,5235955.0
Leverj Gluon,6189676.75,112853.61133466555,6002014.0,6403204.0
LibraToken,6058803.6875,381472.2946998736,5411039.0,6718024.0
Lien,6115802.338541667,252670.05759208326,5672792.0,6746888.0
LikeCoin,7068218.802083333,107362.22797609988,6988223.0,7646439.0
Linkeye,6398494.697916667,447205.0390344617,5753607.0,7222918.0
Lisk,141370938.35416666,3998144.788291098,132528479.0,147690201.0
Litecoin,3545571235.1197915,74894460.05153938,3412556798.0,3717849748.0
Lition,4676717.2727272725,46093.916822268104,4624089.0,4792759.0
Livepeer,35791066.848958336,1117690.6564814367,34390076.0,38841001.0
LockTrip,5569077.333333333,196673.74047232463,4975428.0,5927682.0
Loki Network,20624224.989583332,256519.28464520653,20195548.0,21094511.0
Loom Network,13654541.572916666,499835.9354085983,12850294.0,14597006.0
Loopring,167027557.88020834,5062415.45661302,158071926.0,180889663.0
MANTRA DAO,7046439.0,556907.0578605077,6189113.0,8146383.0
MATH,56376262.588541664,1822355.96688535,52859743.0,60937207.0
MCO,30017846.526041668,5859036.275379208,17414294.0,36041430.0
MX Token,22104213.21875,1398489.5641839837,20081320.0,24650232.0
MXC,18765648.369791668,1070544.5446799533,16213596.0,21391263.0
MaidSafeCoin,45991592.78125,2355379.8198650423,42165392.0,60808373.0
Mainframe,16350415.291666666,460562.8938956267,15543122.0,17373892.0
Maker,480533429.9479167,11374558.678367324,459176310.0,504696596.0
Matic Network,57846249.0,2120036.6564303166,54256426.0,61534452.0
Matrix AI Network,7065736.45112782,380791.94615865475,6646612.0,8328863.0
Measurable Data Token,6830469.151041667,186834.0378259492,6380707.0,7088895.0
Medibloc,13616713.630208334,175435.68614308955,13198113.0,13933567.0
Melon,24098552.708333332,403670.50772270694,22975824.0,24824332.0
Meta,8337690.541666667,537484.0139157261,7332710.0,9308720.0
Metal,18390292.46875,474977.15186346666,17825568.0,19931225.0
Metaverse ETP,12118540.890625,300258.37693867617,11519203.0,12876988.0
Metronome,8413903.34375,118279.36856928533,8207117.0,8688750.0
Minter,7064163.729166667,322334.6628935704,6422148.0,7597713.0
Moeda Loyalty Points,10247065.270833334,317560.82309315464,9702446.0,11069922.0
MonaCoin,90191438.77604167,1210997.6725619277,87826499.0,93340412.0
Monero,2137741622.9010417,50166342.176411845,2063898357.0,2267323695.0
Monolith,8814528.46875,231697.78030461015,8472663.0,9413583.0
Morpheus Network,7522124.46875,211210.718363392,6914370.0,8546849.0
MovieBloc,4791887.368932039,88641.78376719942,4557225.0,4970044.0
NAGA,5479438.864583333,101051.34292198998,5339101.0,5751995.0
NEM,889788156.984375,12241363.716917971,852783851.0,910532042.0
NEO,1058183207.8958334,26480520.044355884,1004394973.0,1104699097.0
NEXO,96247673.453125,3418829.732997949,90255494.0,101412474.0
NKN,11601642.322916666,268502.5746873518,11064793.0,12001532.0
NOIA Network,16383026.161458334,868103.6153618814,14708693.0,18229046.0
NXT,9162432.911458334,89491.37579945347,9023970.0,9381762.0
Namecoin,6998459.645833333,166940.59675984757,6625021.0,7375751.0
Nano,96673475.0625,1830577.3998867956,93904010.0,100024376.0
Nash Exchange,11727526.640625,252741.48304699885,11145092.0,12198821.0
NavCoin,6767363.364583333,198516.8720283199,6459670.0,7115136.0
Neblio,5709738.390625,92479.64495874222,5566539.0,5877685.0
Nebulas,11816433.213541666,526038.6466279102,11065112.0,12698388.0
Nectar Token,23660891.125,366072.0227554776,23112871.0,24955627.0
Nervos Network,69733543.703125,4674405.3202772755,63931463.0,77501199.0
Nest Protocol,66625139.786458336,4133266.8814323633,57085723.0,75508940.0
Newscrypto Coin,18255847.671875,152489.26201368426,17962978.0,18762401.0
Nexus,10591098.890625,384422.32864314714,10054566.0,11572761.0
Nexus Mutual,149053989.01041666,9263716.563447896,137494326.0,163345508.0
Nice,4791991.333333333,87943.44429158233,4642731.0,4864641.0
Nimiq,15137480.052083334,200111.93705321685,14820492.0,15650127.0
Nuco.Cloud,7097353.932291667,299639.3113616935,6681216.0,7644619.0
Nuls,20291996.0052356,422866.22274298227,19734314.0,21889286.0
Numeraire,122989752.84895833,4546593.950840257,118767951.0,146334102.0
ODEM,5204003.459893048,60522.48345598389,5113137.0,5381547.0
OKB,1194829903.7239583,36244064.72868355,1140233342.0,1263494280.0
OMG Network,418138017.4166667,13674183.597972477,396782722.0,444690049.0
OST,5453218.619791667,195664.68530986633,5145138.0,5822814.0
Obyte,18738199.604166668,476408.43091735657,17803395.0,19840936.0
Ocean Protocol,161552304.54166666,7935454.078827241,146957385.0,177430359.0
Oduwa Coin,6000623.125,587774.3728093022,4667780.0,7037970.0
Ontology,336927977.421875,11196048.042959392,318837818.0,357915314.0
Orbs,14577409.817708334,202473.42424423713,14016338.0,14931548.0
Origin Protocol,17091947.276041668,872473.4085535478,15851275.0,18853852.0
OriginTrail,28835190.625,1506810.5174170719,24087776.0,32109493.0
Orion Protocol,18040385.901041668,287864.4478815516,17417582.0,18731238.0
PAC Global,7696050.963541667,775108.8293537773,6801391.0,9236455.0
PARSIQ,14331012.119791666,323198.096899676,13288931.0,15410756.0
PAX Gold,71348032.75520833,607598.0787661023,70381895.0,72746798.0
PCHAIN,5500346.65625,202806.9729401809,4854804.0,5806970.0
PEAKDEFI,6365916.942708333,189164.7345519704,5933354.0,6693122.0
PIVX,18674023.005208332,837076.7112414585,17402649.0,19953766.0
PancakeSwap,14919191.786458334,1544227.675026248,11702196.0,17373563.0
Particl,4759841.173913044,119449.40056924394,4557421.0,5184631.0
Paxos Standard,430850765.4010417,2944680.058914347,425862896.0,436307047.0
Peercoin,5519318.963541667,281748.6991123308,5056671.0,6194616.0
Perpetual Protocol,14872815.380208334,372318.774721966,14196991.0,15613398.0
Phala Network,13992456.552083334,1122698.2893047815,12299047.0,15698964.0
Phantasma,5908101.479166667,390756.415201974,4881067.0,6490597.0
Pickle Finance,23154745.203125,889771.8929246682,21911968.0,24609173.0
Pirate Chain,14805746.119791666,353522.6213613927,14075684.0,15455011.0
PlatonCoin,11118110.791666666,731732.1357808447,9841745.0,13144673.0
Pluton,13696554.572916666,208107.76964297707,13229901.0,14326332.0
Polis,5112344.828125,118391.7386797283,4878787.0,5373740.0
Polkadot,3753831681.3958335,88813527.74788763,3616080862.0,3933967028.0
Polymath Network,29175809.182291668,1248399.2184879184,27408117.0,31428869.0
Populous,7535587.682291667,455199.6074114723,6782241.0,8768206.0
Power Ledger,32690112.916666668,683331.1887708175,31534868.0,34240487.0
PowerPool Concentrated Voting Power,9448183.578125,651263.1008900277,8434146.0,10944859.0
Presearch,6401163.942708333,115799.12462839816,5930172.0,6605235.0
Prometeus,12134832.760416666,714844.3228635119,11197603.0,13842657.0
Propy,4815718.635658915,256506.85201587144,4560354.0,6008016.0
ProximaX,9717533.0625,160811.28717765477,9429153.0,10114480.0
PumaPay,6029713.285714285,393411.6398363345,5230010.0,6974561.0
Pundi X,35895398.75,782428.8266481333,34205559.0,37465065.0
QASH,12543958.927083334,103121.73870425088,12345107.0,12840442.0
Qtum,197281056.17708334,7730855.834682171,186461114.0,210402595.0
Quant,164597048.46875,5464547.179062047,156911257.0,177105732.0
Quantstamp,16769297.96875,491663.6781293314,15860898.0,17638232.0
Quantum Resistant Ledger,7893992.244791667,480961.45965694415,7219060.0,8600334.0
QuarkChain,25045275.166666668,786736.0824141846,23902235.0,26401088.0
QunQun,4668371.714285715,71801.06639578161,4603759.0,4792578.0
REN,227175574.65625,8422888.743956853,208258730.0,242750542.0
RIF Token,61716627.072916664,893516.1543018328,59000916.0,63503845.0
Raiden Network Token,9711491.442708334,502162.06571387715,8584509.0,10574945.0
Ravencoin,81683224.08854167,1806955.4140191565,79213474.0,87852571.0
RedFOX Labs,21880041.854166668,2029717.2528439867,19174429.0,26182905.0
Reddcoin,29918819.213541668,1845032.290452481,27652191.0,32863030.0
Refereum,6274725.656626506,162988.2810293243,5965223.0,6570207.0
Request,14176044.6875,364630.00147678365,13558204.0,15236755.0
Reserve Rights Token,104363469.04166667,6865634.613841968,93843364.0,116734374.0
Revain,5073103.989583333,7768.723971572713,5053261.0,5092201.0
RioDeFi,4864988.968421052,195473.411718815,4583074.0,5910976.0
Ripio Credit Network,19716494.859375,406757.1438909426,18766679.0,20595013.0
Robotina,5140898.125,569391.5833279612,4978838.0,7813283.0
Rocket Pool,46171694.260416664,1152727.1805057442,44246940.0,49087797.0
Roobee,4675572.3522727275,57816.68513520917,4577378.0,4816175.0
SAFE2,8645256.119791666,1044820.1624666523,6061649.0,11980344.0
SALT,7778068.838541667,221849.5304508364,7206589.0,8211506.0
SAND,20405123.791666668,1085394.374541665,18302797.0,21870823.0
SERO,29404249.947916668,232326.51247515014,28836011.0,29795858.0
SOLVE,33914548.661458336,898258.2394934088,32321950.0,35386086.0
STASIS EURO,36822360.0625,260114.8687815813,35980762.0,37448072.0
STP Network,12885855.578125,313936.2582731567,12360137.0,13449279.0
SUKU,8281831.770833333,278102.79221925244,7704256.0,8841209.0
SWAG Finance,10327785.984375,295596.578034775,9605942.0,11693250.0
SWFT Blockchain,6169337.578125,152449.6744976642,5957376.0,6507456.0
Safe Haven,10505206.458333334,303135.961920115,9743565.0,11028874.0
Sai,9547647.947916666,209579.4391934633,9021307.0,10133993.0
Santiment Network Token,7578350.713541667,424722.7699738232,5813422.0,8257812.0
Sapien,6442464.565217392,94807.76959204182,6425153.0,6956041.0
Secret,17836835.817708332,3272129.7498661987,14433065.0,26731210.0
SelfKey,6322298.401041667,148705.32836561406,5984202.0,6720808.0
Sense,4676931.085714285,46801.98615215578,4582361.0,4738747.0
Sentinel Protocol,5469694.541666667,186678.00334562061,5141867.0,5744020.0
Sentivate,12042820.244791666,757065.0524950618,10887617.0,13546037.0
Serum,46081228.776041664,2670105.4539400074,42198556.0,50129888.0
ShareToken,49341844.604166664,3091517.235360386,44232978.0,56712127.0
Siacoin,109677941.66145833,1770017.2585523298,106966736.0,113721172.0
SingularityNET,37076613.890625,669766.9415125875,35712826.0,38653851.0
Sirin Labs Token,5975465.125,267148.33609572914,5628390.0,6505835.0
Skycoin,7787708.229166667,130416.45364600825,7524903.0,8071655.0
SmartCash,6947098.765625,95498.45553802952,6756581.0,7198411.0
SmartMesh,4789185.8292682925,79253.15689281166,4568389.0,5075742.0
Solana,68200958.04166667,2730019.3564031105,64984705.0,74503420.0
Sora,18921076.515625,1605024.930309367,15992234.0,24218973.0
SpankChain,4683730.7549019605,59240.661405583516,4589464.0,4802751.0
Sport and Leisure,5424447.411458333,139630.63494451245,5244268.0,5628424.0
Stafi,5275194.481481481,349797.1038647138,4652721.0,5773452.0
Stakecube,4738905.075949367,90007.01461449925,4537849.0,5025499.0
Stakenet,13287299.140625,495842.5321088534,12511387.0,14188599.0
Statera,5122960.932291667,329060.67612705426,4810583.0,6872628.0
Status,78199098.27604167,3411366.9418562115,72846588.0,84781018.0
Steem,50156736.0,1287890.398913774,48012980.0,52581986.0
Steem Dollars,5606551.619791667,58469.048419080566,5490701.0,5740175.0
Stellar,1586059505.234375,32934539.78641529,1534036566.0,1652380640.0
Storj,43042453.6875,2457017.6764659043,39793348.0,47225385.0
StormX,14966072.421875,315499.9141286699,14267187.0,15733909.0
Stratis,36957079.130208336,923695.9633994882,34901262.0,38521598.0
Streamr DATAcoin,24624312.729166668,708643.3277015691,23749482.0,26111793.0
Surf.Finance,5445208.852459016,454942.549462874,4815573.0,6682632.0
Sushi,56407933.229166664,3810900.050212831,50918621.0,61876782.0
Swipe,61108610.0,3475242.903878541,55200481.0,66823928.0
SwissBorg,49140617.203125,6709072.391660417,44900577.0,65944077.0
Switcheo,14659245.359375,296133.116311777,13491946.0,15195211.0
Sylo,4879041.63803681,130304.26075748082,4634479.0,5201242.0
Syndicate,12878182.0,0.0,12878182.0,12878182.0
Synthetix Network Token,346724588.796875,19508408.86962621,325026705.0,390331018.0
Syscoin,23279397.026041668,581577.5627007438,22269997.0,25227825.0
TE-FOOD,8066597.0,0.0,8066597.0,8066597.0
TOP Network,5420733.833333333,341474.8275461132,4908301.0,5893477.0
TRON,1759593616.1927083,52824321.82607958,1664920036.0,1854729079.0
Telcoin,9408052.359375,677222.6898167968,8329490.0,10260299.0
Tellor,28850916.348958332,2130020.4325720477,25951854.0,32836552.0
Telos,5064044.9,311510.29928539833,4644974.0,5470950.0
TenX,5607336.427083333,107317.82777912717,5340588.0,5854061.0
Terra,132668583.03125,3298842.2820717786,127012472.0,137999427.0
TerraKRW,90922080.953125,1115782.9863207964,86694337.0,92503427.0
Tether,16676448411.171875,27912415.756511822,16616270865.0,16726638297.0
Tether Gold,91849415.11458333,438535.39103256015,90816140.0,92623333.0
Tezos,1430716048.4427083,41753006.662218526,1358312989.0,1533597128.0
Theta Network,592757524.484375,16148621.04935644,566575027.0,633924809.0
Thorchain,82287882.23958333,3350451.7855636943,77301707.0,88084942.0
ThunderCore,27910810.515625,761894.3640720152,26724561.0,29194511.0
Time New Bank,6381444.734375,93874.56050578394,6156899.0,6591662.0
TitanSwap,52883142.208333336,2435771.56738661,48982373.0,58461850.0
TomoChain,39883410.223958336,1847336.7224300278,36711600.0,42956851.0
Travala.com,28865544.572916668,3865378.6353893415,22619611.0,35027669.0
Troy,4873240.392670157,135964.5100404327,4547951.0,5136551.0
TrueUSD,253607244.60416666,1986403.503890471,250343983.0,258314705.0
Trustswap,11913737.9375,816496.112826273,10791561.0,13344917.0
UMA,372966698.28125,10240191.922699887,355381523.0,396327533.0
USD Coin,2939051552.9375,8165090.770865407,2921102044.0,2965319325.0
USDK,32449668.25,67530.37808477013,32295230.0,32750046.0
UTRUST,41524513.8125,2281477.2798135593,38068558.0,48899072.0
Ubiq,6001011.973958333,219773.40923581968,5702983.0,6466013.0
Ultiledger,24107809.822916668,201071.62453452178,23699942.0,24558108.0
Ultra,41185793.901041664,628819.5851081945,39851862.0,42586227.0
Unibright,45744961.036458336,1160841.417805913,43396796.0,49012166.0
Uniswap,475865778.7708333,21552299.75211323,442439301.0,516899717.0
Unitrade,6805829.234375,181096.6736050931,6267490.0,7656997.0
Universa,5828470.338541667,288196.6170286699,5107613.0,7144192.0
Uquid Coin,69085412.5,761412.3314287375,66789240.0,70257282.0
V.SYSTEMS,31161217.8125,1257292.8472022864,29361938.0,32787334.0
VIDT Datalink,16050468.041666666,661079.5695514198,14987843.0,17247173.0
Value Liquidity,6667336.787234043,170265.42229093338,6328661.0,6896685.0
VeChain,649622829.484375,21538043.784033395,598529567.0,689789836.0
VeThor Token,19357982.411458332,944057.7078073281,17625962.0,21172551.0
Velas,55161542.510416664,468480.4118952436,52879533.0,56013130.0
Venus,9104904.8125,678874.8067832693,7969288.0,10267934.0
Verge,66029235.864583336,2094191.4673757395,62534517.0,71600864.0
Vertcoin,11589222.572916666,576856.9946114748,10657381.0,16098985.0
Verus Coin,21312430.572916668,517769.12593285606,19828678.0,22115849.0
Vid,4707779.0,,4707779.0,4707779.0
VideoCoin,6924591.947916667,75068.1899595871,6770817.0,7117687.0
Vitae,132002287.5,7382864.294199818,110901754.0,143650874.0
Vite,8776543.994791666,201707.40743602134,8369884.0,9263324.0
Voyager Token,32830066.942708332,820928.2057722622,31258523.0,34302237.0
WAX,45570772.171875,1624641.8428066482,43209923.0,48011418.0
WHALE,21057022.682291668,1184421.3411956292,19289737.0,23027559.0
WINk,29088841.052083332,1325515.3488685358,27430773.0,33957645.0
WOM Protocol,19902837.17948718,702280.765911012,17063207.0,21166677.0
Wagerr,6164322.588541667,274805.9059521473,5494415.0,7220094.0
Waltonchain,7582043.286458333,240376.03621663552,7072900.0,7998264.0
Wanchain,29130459.875,1419938.6918053147,27328031.0,31767418.0
Waves,315634206.1197917,4762800.038353335,306400430.0,326422286.0
WaykiChain,30877286.265625,1054282.37467565,28987649.0,32570513.0
WazirX,17289868.296875,834002.4181214633,16038653.0,19070546.0
Wing Finance,5345682.026041667,287342.7687467923,4890020.0,5971485.0
Wings,4939454.012269938,40365.80112874359,4756750.0,5033585.0
Wirex,20108111.505208332,241382.8508290429,19577731.0,20587588.0
Wrapped Bitcoin,1602994814.1927083,19119466.104900878,1564632919.0,1659324384.0
Wrapped NXM,35368257.807291664,2935796.5196944578,31140335.0,40216613.0
XMax,5181870.933333334,133053.43836448417,4725879.0,5581637.0
XRP,10713895795.932291,146357091.0132437,10377943635.0,11020074721.0
Xplosive Ethereum,5258981.895833333,208083.30549367084,4808061.0,6319847.0
YAM,7400542.166666667,269485.93342674297,6950341.0,8078653.0
YF Link,18110866.015625,479119.55948370585,17385537.0,20066814.0
YFValue,4823312.65,138447.0497533165,4626195.0,5166969.0
Yuan Chain Coin,23291491.828125,528720.4539739739,22179199.0,24323442.0
ZB Token,39875146.885416664,984424.2781213323,34217093.0,40838396.0
ZBG Token,25524180.552083332,330993.91771509504,24888237.0,26190192.0
Zano,5838558.234375,53750.45052115851,5729956.0,5982825.0
Zap,11775288.692708334,520593.80267358414,11093944.0,14007223.0
Zcash,569045111.0625,21682965.71536645,537381327.0,611859044.0
Zcoin,33182936.234375,1688682.7122309483,30987561.0,37056614.0
Zenon,15248494.979166666,409150.7566012072,14609490.0,16603638.0
Zilliqa,196667690.24479166,4226604.895516596,189292663.0,204625220.0
apM Coin,20655072.19371728,1420253.4992403851,18136162.0,24276824.0
bZx Protocol,15140215.921875,673107.7898768135,13977274.0,16406949.0
bitCNY,6214755.583333333,45043.1917721117,6150480.0,6447430.0
c0x,47241838.5625,1341201.7875203306,45395306.0,49975830.0
cBAT,8197867.380208333,178485.4344766262,7873103.0,8558222.0
cDAI,1386072181.375,11230259.343047801,1368578844.0,1405433886.0
cETH,418339161.125,15150018.070761012,400869498.0,452951546.0
cUNI,37881363.828125,1848425.988887392,35037544.0,41495900.0
cUSDC,235579316.34895834,11312308.557184948,223201364.0,263647465.0
cUSDT,35439236.15625,1371319.5579101448,34298707.0,39190584.0
cVault.finance,33850628.1875,1384870.8089943286,31239144.0,37134348.0
dForce Token,9500884.552083334,489048.7633802751,8908670.0,10338477.0
district0x,6939872.145833333,326555.9568499365,6371827.0,7923690.0
elf,37269722.307291664,1324164.553822115,35127056.0,39237630.0
iETH,5951823.755208333,175469.78209217062,5669837.0,6288783.0
iExec RLC,51546501.494791664,1655540.5147201922,48878224.0,54740870.0
mStable USD,38226900.421875,144183.58278575068,37801600.0,38524524.0
pNetwork,11120475.885416666,492059.5350683633,9704445.0,11673875.0
renBTC,294255796.71875,4268396.633882675,282458114.0,301367956.0
sBTC,28383462.979166668,526663.7727093163,27446735.0,29490749.0
sETH,9305011.182291666,189988.8865827585,8694252.0,9681183.0
sUSD,54056556.020833336,1066216.026571902,51509704.0,56259116.0
tBTC,13559019.229166666,268948.258383324,13018267.0,14827540.0
xDAI Stake,29090381.661458332,1468443.3997178848,27071311.0,32281260.0
yAxis,5607017.045454546,261053.41731192856,4954667.0,6095892.0
yUSD,73265790.27604167,1169039.4335550936,70830436.0,75928284.0
yearn.finance,304780901.5104167,15822315.852616575,282505844.0,332848352.0
